"Time","Air Temperature - minimum (ºC)","Air Temperature - average (ºC)","Air Temperature - maximum (ºC)","Soil Temperature - minimum (ºC)","Soil Temperature - average (ºC)","Soil Temperature - maximum (ºC)","Relative Humidity - minimum (%)","Relative Humidity - average (%)","Relative Humidity - maximum (%)","Wind Speed - minimum (km/h)","Wind Speed - average (km/h)","Wind Speed - maximum (km/h)","Solar Radiation - average (W/m^2)","Solar Radiation - maximum (W/m^2)","Rainfall - (mm)","Degree Days - ()","Chill Units - ()","Frost Hours - (hrs)","Daylight - (hrs)","Evapotranspiration - (mm)","","Rainfall","Irrigation","Comments",
"01/01/2019 09:00","13.400000","24.800000","44.700000","-635.200000","-635.200000","-635.200000","13.500000","38.700000","69.900000","0.000000","3.420000","23.076000","303.000000","1014.000000","2.200000","14.800000","-18.100000","0.000000","12.500000","6.650000",,,,
"02/01/2019 09:00","14.300000","24.200000","33.700000","-635.200000","-635.200000","-635.200000","13.000000","45.600000","83.300000","0.000000","4.428000","20.952000","365.000000","1041.000000","0.000000","14.200000","-18.800000","0.000000","14.000000","6.580000",,,,
"03/01/2019 09:00","12.900000","23.500000","33.100000","-635.200000","-635.200000","-635.200000","21.800000","47.900000","82.700000","0.000000","3.204000","27.936000","363.000000","1034.000000","0.000000","13.500000","-18.600000","0.000000","13.900000","6.190000",,,,
"04/01/2019 09:00","21.000000","29.800000","38.000000","-635.200000","-635.200000","-635.200000","8.600000","19.000000","40.300000","0.000000","2.160000","17.712000","365.000000","1051.000000","0.000000","19.800000","-24.000000","0.000000","14.000000","6.190000",,,,
"05/01/2019 09:00","13.700000","24.500000","43.800000","-635.200000","-635.200000","-635.200000","9.800000","48.100000","74.300000","0.000000","5.760000","33.840000","272.000000","994.000000","0.000000","14.500000","-14.600000","0.000000","13.500000","6.720000",,,,
"06/01/2019 09:00","10.200000","17.600000","25.300000","-635.200000","-635.200000","-635.200000","22.500000","52.700000","85.000000","0.000000","3.492000","32.760000","320.000000","1350.000000","0.000000","7.600000","-11.600000","0.000000","14.000000","4.880000",,,,
"26/01/2019 09:00","18.100000","23.300000","33.100000","18.500000","23.900000","33.900000","31.000000","64.000000","82.300000","0.000000","0.720000","14.508000","152.000000","1201.000000","0.000000","13.300000","-24.000000","0.000000","13.300000","2.920000",,,,
"27/01/2019 09:00","15.000000","21.800000","29.700000","15.400000","22.600000","31.200000","30.800000","56.300000","77.700000","0.000000","0.720000","12.348000","303.000000","1554.000000","0.000000","11.800000","-20.600000","0.000000","13.000000","4.670000",,,,
"28/01/2019 09:00","15.300000","21.100000","29.300000","15.700000","22.000000","31.600000","25.000000","55.100000","77.600000","0.000000","1.332000","16.128000","360.000000","1505.000000","0.000000","11.100000","-18.700000","0.000000","13.200000","5.440000",,,,
"29/01/2019 09:00","17.400000","23.500000","32.400000","17.900000","24.300000","34.600000","17.100000","46.200000","63.800000","0.000000","0.720000","11.268000","375.000000","1210.000000","0.000000","13.500000","-23.000000","0.000000","13.100000","5.710000",,,,
"30/01/2019 09:00","20.300000","27.100000","36.100000","20.700000","27.900000","38.400000","15.400000","24.400000","48.400000","0.000000","0.792000","15.012000","373.000000","1207.000000","0.000000","17.100000","-24.000000","0.000000","13.300000","5.470000",,,,
"07/02/2019 09:00","16.000000","20.200000","31.000000","0.000000","0.000000","28.100000","43.300000","89.400000","100.100000","0.000000","2.304000","23.616000","92.000000","1041.000000","8.600000","10.200000","-18.800000","0.000000","12.100000","1.900000",,,,
"08/02/2019 09:00","15.100000","23.100000","33.500000","0.000000","2845.600000","2846.400000","22.400000","59.800000","88.700000","0.000000","4.860000","24.192000","320.000000","1389.000000","0.000000","13.100000","-18.800000","0.000000","13.300000","5.760000",,,,
"09/02/2019 09:00","10.300000","18.000000","29.000000","2846.400000","2846.400000","2846.400000","24.200000","57.500000","99.000000","0.000000","8.280000","30.060000","351.000000","1392.000000","1.800000","8.000000","-9.000000","0.000000","13.300000","5.870000",,,,
"10/02/2019 09:00","6.400000","14.500000","23.300000","2846.400000","2846.400000","2846.400000","25.200000","57.200000","89.700000","0.000000","4.824000","32.760000","349.000000","1544.000000","0.000000","5.200000","-2.100000","0.000000","13.300000","4.750000",,,,
"11/02/2019 09:00","9.800000","18.500000","27.900000","2846.400000","2846.400000","2846.400000","27.800000","60.200000","93.100000","0.000000","5.364000","26.316000","326.000000","1554.000000","0.000000","8.500000","-12.100000","0.000000","13.200000","5.100000",,,,
"12/02/2019 09:00","14.400000","19.800000","28.300000","2846.400000","2846.400000","2846.400000","34.000000","66.300000","97.100000","1.584000","13.608000","36.540000","193.000000","1554.000000","0.200000","9.800000","-15.400000","0.000000","13.000000","4.460000",,,,
"13/02/2019 09:00","5.000000","12.500000","22.200000","2846.400000","2846.400000","2846.400000","23.000000","62.800000","98.100000","0.000000","8.172000","40.824000","258.000000","1554.000000","0.200000","3.500000","4.300000","0.000000","13.100000","3.900000",,,,
"14/02/2019 09:00","6.700000","14.700000","22.800000","2846.400000","2846.400000","2846.400000","24.400000","51.000000","82.900000","0.000000","3.132000","29.016000","271.000000","1554.000000","0.000000","5.100000","-2.500000","0.000000","13.000000","3.840000",,,,
"15/02/2019 09:00","9.400000","19.100000","27.500000","2846.400000","2846.400000","2846.400000","25.900000","55.700000","93.300000","0.000000","3.564000","21.996000","368.000000","1263.000000","0.000000","9.100000","-14.400000","0.000000","13.000000","5.290000",,,,
"16/02/2019 09:00","12.700000","21.900000","32.100000","2846.400000","2846.400000","2846.400000","17.600000","51.600000","89.800000","0.000000","2.412000","18.792000","371.000000","1276.000000","0.000000","11.900000","-16.800000","0.000000","13.100000","5.720000",,,,
"17/02/2019 09:00","14.100000","24.300000","34.900000","2846.400000","2846.400000","2846.400000","9.700000","41.800000","75.500000","0.000000","3.960000","24.192000","343.000000","1213.000000","0.000000","14.300000","-20.100000","0.000000","13.000000","6.020000",,,,
"18/02/2019 09:00","16.800000","26.000000","35.500000","2846.400000","2846.400000","2846.400000","13.200000","37.400000","81.700000","0.000000","5.364000","23.616000","263.000000","1485.000000","0.000000","16.000000","-23.100000","0.000000","12.300000","5.690000",,,,
"19/02/2019 09:00","7.300000","18.000000","29.800000","2846.400000","2846.400000","2846.400000","23.100000","55.100000","85.800000","0.000000","4.284000","25.776000","314.000000","1255.000000","0.000000","8.100000","-7.400000","0.000000","13.000000","4.970000",,,,
"20/02/2019 09:00","5.800000","16.700000","25.900000","2846.400000","2846.400000","2846.400000","25.000000","49.600000","84.100000","0.000000","3.708000","24.192000","350.000000","1336.000000","0.000000","7.100000","-7.100000","0.000000","13.000000","4.840000",,,,
"21/02/2019 09:00","8.100000","18.000000","28.300000","2846.400000","2846.400000","2846.400000","29.700000","58.100000","95.600000","0.000000","4.572000","26.316000","350.000000","1268.000000","0.000000","8.100000","-9.900000","0.000000","12.900000","5.180000",,,,
"22/02/2019 09:00","8.700000","18.700000","29.300000","2846.400000","2846.400000","2846.400000","23.100000","53.500000","90.800000","0.000000","4.464000","20.412000","367.000000","1138.000000","0.000000","8.800000","-11.400000","0.000000","12.900000","5.500000",,,,
"23/02/2019 09:00","8.500000","21.200000","32.900000","2846.400000","2846.400000","2846.400000","14.900000","49.300000","94.700000","0.000000","5.616000","24.696000","368.000000","1129.000000","0.000000","11.300000","-13.800000","0.000000","12.900000","6.130000",,,,
"24/02/2019 09:00","18.600000","24.300000","31.800000","2846.400000","2846.400000","2846.400000","13.500000","35.700000","55.200000","0.000000","9.720000","34.920000","367.000000","1136.000000","0.000000","14.300000","-24.000000","0.000000","12.800000","7.480000",,,,
"25/02/2019 09:00","17.800000","27.800000","37.200000","2846.400000","2846.400000","2846.400000","12.200000","23.400000","36.800000","0.000000","5.508000","27.936000","347.000000","1088.000000","0.000000","17.800000","-23.800000","0.000000","12.700000","6.760000",,,,
"26/02/2019 09:00","18.000000","27.500000","37.000000","2846.400000","2846.400000","2846.400000","9.900000","25.300000","50.300000","0.000000","4.500000","19.872000","318.000000","1198.000000","0.000000","17.500000","-23.900000","0.000000","12.500000","6.070000",,,,
"27/02/2019 09:00","13.300000","24.400000","36.800000","2846.400000","2846.400000","2846.400000","13.300000","39.500000","70.600000","0.000000","5.436000","21.492000","317.000000","1050.000000","0.000000","14.400000","-18.300000","0.000000","12.600000","6.180000",,,,
"28/02/2019 09:00","21.000000","28.900000","39.200000","2846.400000","2846.400000","2846.400000","10.100000","22.500000","38.500000","0.000000","4.356000","29.016000","318.000000","1061.000000","0.000000","18.900000","-24.000000","0.000000","12.400000","6.200000",,,,
"01/03/2019 09:00","21.000000","30.900000","41.200000","2846.400000","2846.400000","2846.400000","7.900000","19.400000","36.400000","0.000000","5.688000","29.556000","250.000000","1343.000000","0.000000","20.900000","-24.000000","0.000000","11.800000","6.340000",,,,
"02/03/2019 09:00","17.200000","30.500000","40.900000","2846.400000","2846.400000","2846.400000","9.100000","20.300000","40.900000","0.000000","4.536000","26.316000","293.000000","1021.000000","0.000000","20.500000","-23.700000","0.000000","12.500000","6.060000",,,,
"03/03/2019 09:00","22.600000","31.100000","40.000000","2846.400000","2846.400000","2846.400000","8.600000","19.900000","34.500000","0.000000","4.968000","27.936000","297.000000","1051.000000","0.000000","21.100000","-24.000000","0.000000","12.500000","6.310000",,,,
"04/03/2019 09:00","13.800000","25.600000","38.400000","2846.400000","2846.400000","2846.400000","10.500000","44.100000","80.000000","0.000000","4.896000","26.316000","145.000000","1119.000000","0.200000","15.600000","-19.200000","0.000000","12.300000","4.130000",,,,
"05/03/2019 09:00","13.800000","24.400000","37.800000","2846.400000","2846.400000","2846.400000","13.000000","38.700000","67.900000","0.000000","4.068000","27.396000","278.000000","1050.000000","0.000000","14.400000","-18.300000","0.000000","12.500000","5.380000",,,,
"06/03/2019 09:00","8.700000","19.300000","30.800000","2846.400000","2846.400000","2846.400000","24.900000","57.000000","89.800000","0.000000","9.108000","33.300000","289.000000","1361.000000","0.000000","9.300000","-10.000000","0.000000","12.300000","5.270000",,,,
"07/03/2019 09:00","2.900000","13.000000","22.200000","2846.400000","2846.400000","2846.400000","20.200000","45.300000","80.400000","0.000000","4.356000","36.540000","296.000000","1382.000000","0.000000","4.300000","0.600000","0.000000","12.300000","3.900000",,,,
"08/03/2019 09:00","10.600000","17.700000","26.700000","2846.400000","2846.400000","2846.400000","12.200000","25.400000","42.600000","0.000000","3.060000","21.492000","254.000000","1172.000000","0.000000","7.700000","-10.800000","0.000000","12.100000","3.910000",,,,
"09/03/2019 09:00","9.900000","21.100000","30.400000","2846.400000","2846.400000","2846.400000","9.700000","31.300000","65.300000","0.000000","4.320000","26.316000","161.000000","1074.000000","0.000000","11.100000","-16.000000","0.000000","11.800000","3.760000",,,,
"10/03/2019 09:00","11.700000","21.000000","31.400000","2846.400000","2846.400000","2846.400000","27.600000","52.700000","95.500000","0.000000","4.176000","24.696000","237.000000","1184.000000","0.000000","11.000000","-14.300000","0.000000","12.200000","4.190000",,,,
"11/03/2019 09:00","14.200000","17.500000","22.400000","2846.400000","2846.400000","2846.400000","54.300000","84.800000","98.700000","0.000000","4.248000","36.000000","117.000000","1214.000000","2.400000","7.500000","-14.700000","0.000000","12.000000","1.960000",,,,
"12/03/2019 09:00","11.300000","17.700000","25.000000","2846.400000","2846.400000","2846.400000","35.900000","62.600000","92.500000","0.000000","8.676000","29.556000","184.000000","1431.000000","0.200000","7.700000","-12.400000","0.000000","12.100000","3.560000",,,,
"13/03/2019 09:00","4.500000","13.900000","23.200000","2846.400000","2846.400000","2846.400000","25.500000","54.100000","88.200000","0.000000","3.924000","25.776000","226.000000","1438.000000","0.000000","4.600000","-0.800000","0.000000","12.200000","3.230000",,,,
"14/03/2019 09:00","8.300000","15.600000","21.700000","2846.400000","2846.400000","2846.400000","25.800000","46.400000","78.600000","0.000000","3.240000","18.252000","214.000000","1371.000000","0.000000","5.700000","-6.300000","0.000000","11.800000","3.080000",,,,
"15/03/2019 09:00","5.600000","17.600000","28.000000","2846.400000","2846.400000","2846.400000","18.500000","49.700000","95.000000","0.000000","3.168000","20.412000","242.000000","1061.000000","0.000000","8.000000","-8.500000","0.000000","12.200000","3.620000",,,,
"16/03/2019 09:00","9.300000","18.700000","28.800000","2846.400000","2846.400000","2846.400000","23.600000","56.400000","92.900000","0.000000","4.860000","25.776000","232.000000","1044.000000","0.000000","8.700000","-11.800000","0.000000","12.000000","3.870000",,,,
"17/03/2019 09:00","12.900000","22.000000","32.100000","2846.400000","2846.400000","2846.400000","20.400000","44.000000","73.700000","0.000000","3.384000","23.616000","209.000000","959.000000","0.000000","12.000000","-18.200000","0.000000","11.800000","3.800000",,,,
"18/03/2019 09:00","12.900000","24.100000","34.600000","2846.400000","2846.400000","2846.400000","15.200000","42.100000","82.400000","0.000000","3.492000","23.076000","210.000000","1116.000000","0.000000","14.100000","-19.800000","0.000000","11.900000","4.000000",,,,
"19/03/2019 09:00","12.900000","23.600000","34.600000","2846.400000","2846.400000","2846.400000","13.400000","50.900000","94.600000","0.000000","4.752000","24.696000","217.000000","986.000000","0.000000","13.600000","-18.100000","0.000000","11.900000","4.290000",,,,
"20/03/2019 09:00","10.400000","21.600000","32.500000","2846.400000","2846.400000","2846.400000","22.200000","61.700000","98.000000","0.000000","4.536000","19.332000","218.000000","1008.000000","0.000000","11.600000","-16.900000","0.000000","11.900000","3.860000",,,,
"21/03/2019 09:00","12.100000","20.300000","30.300000","2846.400000","2846.400000","2846.400000","29.500000","70.300000","100.200000","0.000000","7.056000","29.016000","282.000000","1007.000000","0.800000","10.300000","-14.700000","0.000000","11.600000","4.440000",,,,
"22/03/2019 09:00","14.700000","21.300000","30.100000","2846.400000","2846.400000","2846.400000","26.400000","67.200000","96.700000","0.000000","6.156000","28.476000","266.000000","995.000000","0.000000","11.300000","-18.300000","0.000000","11.700000","4.330000",,,,
"23/03/2019 09:00","21.200000","26.500000","33.900000","2846.400000","2846.400000","2846.400000","22.400000","41.900000","69.400000","0.000000","7.740000","31.680000","278.000000","947.000000","0.000000","16.500000","-24.000000","0.000000","11.400000","5.900000",,,,
"24/03/2019 09:00","11.900000","21.300000","30.100000","2846.400000","2846.400000","2846.400000","19.000000","57.100000","86.500000","0.000000","12.204000","47.268000","278.000000","1028.000000","0.000000","11.300000","-17.300000","0.000000","11.700000","5.280000",,,,
"25/03/2019 09:00","11.200000","19.500000","29.900000","2846.400000","2846.400000","2846.400000","33.100000","66.700000","97.000000","0.000000","21.384000","65.016000","250.000000","1258.000000","7.400000","9.500000","-11.900000","0.000000","11.700000","5.130000",,,,
"26/03/2019 09:00","4.100000","10.500000","17.700000","2846.400000","2846.400000","2846.400000","33.200000","70.900000","97.900000","0.000000","14.256000","60.732000","218.000000","1444.000000","0.400000","2.100000","11.100000","0.000000","11.600000","2.800000",,,,
"27/03/2019 09:00","4.400000","13.700000","22.200000","2846.400000","2846.400000","2846.400000","31.900000","63.700000","100.100000","0.000000","7.236000","33.840000","286.000000","1285.000000","0.000000","4.700000","-0.400000","0.000000","11.600000","3.520000",,,,
"28/03/2019 09:00","8.300000","16.100000","25.400000","2846.400000","2846.400000","2846.400000","26.100000","54.400000","92.400000","0.000000","4.392000","25.776000","278.000000","954.000000","0.000000","6.300000","-6.200000","0.000000","11.500000","3.700000",,,,
"29/03/2019 09:00","12.400000","19.900000","29.700000","2846.400000","2846.400000","2846.400000","15.900000","33.100000","50.400000","0.000000","8.460000","46.188000","246.000000","952.000000","0.000000","9.900000","-13.800000","0.000000","10.900000","5.180000",,,,
"30/03/2019 09:00","3.200000","12.000000","26.600000","2846.400000","2846.400000","2846.400000","26.200000","67.600000","93.900000","0.504000","15.912000","60.732000","147.000000","1371.000000","0.000000","3.800000","6.000000","0.000000","11.600000","3.400000",,,,
"31/03/2019 09:00","9.500000","12.600000","17.300000","2846.400000","2846.400000","2846.400000","28.900000","69.000000","100.100000","2.664000","14.544000","41.364000","205.000000","1300.000000","0.200000","2.600000","6.400000","0.000000","11.300000","2.960000",,,,
"01/04/2019 09:00","5.800000","12.900000","19.500000","2846.400000","2846.400000","2846.400000","51.200000","79.400000","100.100000","0.000000","7.488000","30.636000","143.000000","1383.000000","0.000000","3.600000","3.900000","0.000000","11.400000","1.980000",,,,
"02/04/2019 09:00","5.600000","13.200000","21.500000","2846.400000","2846.400000","2846.400000","25.700000","56.400000","90.100000","0.000000","3.672000","29.016000","257.000000","1013.000000","0.000000","4.200000","1.600000","0.000000","11.400000","2.980000",,,,
"03/04/2019 09:00","7.100000","16.500000","26.600000","2846.400000","2846.400000","2846.400000","23.500000","46.500000","81.000000","0.000000","5.832000","34.380000","252.000000","902.000000","0.000000","6.800000","-4.700000","0.000000","11.300000","3.810000",,,,
"04/04/2019 09:00","12.600000","17.700000","23.300000","2846.400000","2846.400000","2846.400000","28.400000","63.300000","89.200000","0.000000","8.604000","23.616000","105.000000","950.000000","0.000000","7.700000","-12.900000","0.000000","10.900000","2.680000",,,,
"05/04/2019 09:00","14.400000","20.100000","28.500000","2846.400000","2846.400000","2846.400000","22.800000","48.200000","79.800000","0.000000","10.332000","33.840000","218.000000","1082.000000","0.000000","10.100000","-17.500000","0.000000","11.300000","4.700000",,,,
"06/04/2019 09:00","10.600000","22.000000","32.700000","2846.400000","2846.400000","2846.400000","19.300000","51.100000","94.700000","0.000000","13.644000","67.176000","181.000000","1092.000000","0.000000","12.000000","-14.800000","0.000000","11.100000","5.150000",,,,
"07/04/2019 09:00","3.700000","13.400000","21.900000","2846.400000","2846.400000","2846.400000","34.300000","62.500000","95.100000","0.000000","4.860000","34.920000","212.000000","1277.000000","0.000000","4.400000","0.500000","0.000000","11.200000","2.650000",,,,
"08/04/2019 09:00","8.900000","15.900000","25.300000","2846.400000","2846.400000","2846.400000","31.200000","66.700000","100.100000","0.000000","10.872000","46.188000","229.000000","874.000000","1.000000","5.900000","-4.900000","0.000000","11.000000","3.530000",,,,
"09/04/2019 09:00","6.600000","13.600000","22.300000","2846.400000","2846.400000","2846.400000","44.400000","82.200000","98.300000","1.584000","13.752000","49.428000","153.000000","1256.000000","1.000000","4.000000","1.300000","0.000000","11.200000","2.190000",,,,
"10/04/2019 09:00","0.600000","9.500000","17.700000","2846.400000","2846.400000","2846.400000","32.500000","69.900000","100.100000","0.000000","8.172000","33.840000","208.000000","1227.000000","0.000000","2.000000","10.600000","1.500000","11.100000","2.310000",,,,
"11/04/2019 09:00","1.700000","10.200000","17.100000","2846.400000","2846.400000","2846.400000","39.100000","70.400000","100.100000","0.000000","5.400000","26.856000","172.000000","1082.000000","0.000000","2.000000","10.800000","0.100000","11.100000","1.960000",,,,
"12/04/2019 09:00","0.200000","10.300000","20.500000","2846.400000","2846.400000","2846.400000","29.900000","65.200000","98.400000","0.000000","2.880000","17.712000","234.000000","919.000000","0.000000","2.900000","5.500000","2.400000","11.000000","2.340000",,,,
"13/04/2019 09:00","5.000000","13.600000","24.300000","2846.400000","2846.400000","2846.400000","17.100000","41.700000","70.000000","0.000000","3.492000","32.256000","225.000000","845.000000","0.000000","4.600000","1.900000","0.000000","10.900000","2.800000",,,,
"14/04/2019 09:00","4.600000","13.600000","23.000000","2846.400000","2846.400000","2846.400000","32.400000","70.000000","100.200000","0.000000","2.016000","12.888000","111.000000","817.000000","0.000000","4.600000","1.400000","0.000000","10.900000","1.600000",,,,
"15/04/2019 09:00","4.500000","13.900000","22.300000","2846.400000","2846.400000","2846.400000","40.400000","82.100000","100.200000","0.000000","3.492000","17.172000","111.000000","1002.000000","0.200000","4.700000","0.000000","0.000000","11.100000","1.530000",,,,
"16/04/2019 09:00","15.200000","20.900000","26.800000","2846.400000","2846.400000","2846.400000","27.200000","37.600000","73.700000","0.000000","8.028000","24.696000","178.000000","881.000000","0.200000","10.900000","-19.600000","0.000000","10.700000","4.060000",,,,
"17/04/2019 09:00","16.400000","24.400000","33.900000","2846.400000","2846.400000","2846.400000","11.600000","24.300000","41.700000","0.000000","10.440000","41.364000","185.000000","1014.000000","0.000000","14.400000","-23.300000","0.000000","10.800000","5.880000",,,,
"18/04/2019 09:00","4.300000","17.700000","30.000000","2846.400000","2846.400000","2846.400000","20.100000","58.700000","97.200000","0.000000","12.204000","51.048000","102.000000","984.000000","0.000000","8.200000","-6.500000","0.000000","10.600000","3.450000",,,,
"19/04/2019 09:00","0.400000","11.200000","19.800000","2846.400000","2846.400000","2846.400000","28.100000","59.900000","94.400000","0.000000","4.536000","23.076000","186.000000","937.000000","0.000000","3.400000","2.700000","2.100000","10.800000","2.140000",,,,
"20/04/2019 09:00","12.800000","17.300000","25.600000","2846.400000","2846.400000","2846.400000","22.400000","40.400000","60.800000","0.000000","7.308000","24.696000","197.000000","874.000000","0.000000","7.300000","-10.500000","0.000000","10.700000","3.640000",,,,
"21/04/2019 09:00","15.600000","23.000000","32.300000","2846.400000","2846.400000","2846.400000","18.000000","32.600000","51.500000","0.000000","10.692000","34.920000","190.000000","851.000000","0.000000","13.000000","-23.000000","0.000000","10.500000","5.360000",,,,
"22/04/2019 09:00","6.300000","14.800000","24.100000","2846.400000","2846.400000","2846.400000","37.900000","73.100000","99.100000","0.000000","8.532000","27.936000","107.000000","723.000000","0.000000","5.300000","-1.200000","0.000000","10.600000","2.080000",,,,
"23/04/2019 09:00","3.800000","12.400000","20.800000","2846.400000","2846.400000","2846.400000","33.800000","62.700000","93.400000","0.000000","7.164000","29.556000","199.000000","811.000000","0.000000","3.700000","3.500000","0.000000","10.500000","2.460000",,,,
"24/04/2019 09:00","10.400000","15.700000","23.100000","2846.400000","2846.400000","2846.400000","29.700000","54.700000","73.800000","0.000000","4.284000","21.996000","150.000000","1057.000000","0.000000","5.700000","-6.400000","0.000000","10.500000","2.270000",,,,
"25/04/2019 09:00","1.900000","12.900000","23.600000","2846.400000","2846.400000","2846.400000","32.700000","71.000000","100.200000","0.000000","7.200000","30.636000","194.000000","737.000000","0.000000","4.600000","2.100000","0.000000","10.500000","2.370000",,,,
"26/04/2019 09:00","11.100000","15.200000","20.300000","2846.400000","2846.400000","2846.400000","45.100000","70.300000","100.100000","0.000000","14.436000","42.444000","140.000000","1113.000000","0.000000","5.200000","-6.100000","0.000000","10.500000","2.590000",,,,
"27/04/2019 09:00","0.500000","8.400000","16.900000","2846.400000","2846.400000","2846.400000","33.500000","69.200000","96.800000","0.000000","10.260000","40.824000","150.000000","1116.000000","0.000000","1.600000","11.000000","3.000000","10.400000","1.940000",,,,
"28/04/2019 09:00","8.800000","13.600000","18.000000","2846.400000","2846.400000","2846.400000","40.800000","65.100000","97.800000","1.584000","12.960000","32.256000","182.000000","1128.000000","0.000000","3.600000","0.600000","0.000000","10.200000","2.620000",,,,
"29/04/2019 09:00","9.600000","13.400000","17.700000","2846.400000","2846.400000","2846.400000","54.100000","74.200000","96.500000","0.000000","8.892000","28.476000","117.000000","1158.000000","0.400000","3.400000","1.600000","0.000000","10.200000","1.810000",,,,
"30/04/2019 09:00","4.700000","10.700000","18.700000","2846.400000","2846.400000","2846.400000","44.600000","72.200000","88.700000","0.000000","4.428000","25.776000","143.000000","1029.000000","0.000000","2.000000","11.600000","0.000000","10.400000","1.610000",,,,
"01/05/2019 09:00","11.900000","16.900000","21.700000","2846.400000","2846.400000","2846.400000","34.200000","53.300000","92.900000","1.044000","14.436000","37.620000","129.000000","849.000000","0.000000","6.900000","-11.600000","0.000000","10.000000","3.510000",,,,
"02/05/2019 09:00","9.500000","15.500000","22.700000","2846.400000","2846.400000","2846.400000","42.500000","77.900000","98.700000","0.000000","9.864000","53.748000","133.000000","979.000000","11.600000","5.500000","-6.500000","0.000000","10.100000","2.000000",,,,
"03/05/2019 09:00","4.700000","11.700000","20.100000","2846.400000","2846.400000","2846.400000","38.400000","77.000000","97.900000","0.000000","8.892000","53.208000","154.000000","800.000000","0.200000","3.000000","6.100000","0.000000","10.300000","1.830000",,,,
"04/05/2019 09:00","7.200000","11.700000","17.900000","2846.400000","2846.400000","2846.400000","43.100000","84.800000","100.100000","0.000000","8.784000","38.700000","139.000000","901.000000","0.400000","2.200000","8.200000","0.000000","10.000000","1.460000",,,,
"05/05/2019 09:00","6.900000","11.900000","16.600000","2846.400000","2846.400000","2846.400000","50.300000","74.000000","93.500000","0.000000","10.116000","37.620000","103.000000","704.000000","0.000000","2.100000","9.300000","0.000000","10.000000","1.670000",,,,
"06/05/2019 09:00","2.900000","10.500000","16.300000","2846.400000","2846.400000","2846.400000","55.300000","80.300000","100.100000","0.000000","5.724000","20.952000","87.000000","497.000000","0.200000","2.000000","11.300000","0.000000","10.000000","1.150000",,,,
"07/05/2019 09:00","2.200000","9.400000","18.200000","2846.400000","2846.400000","2846.400000","46.800000","83.900000","100.200000","0.000000","2.520000","15.012000","120.000000","629.000000","0.000000","1.800000","13.000000","0.000000","10.200000","1.140000",,,,
"08/05/2019 09:00","7.000000","12.300000","21.800000","2846.400000","2846.400000","2846.400000","31.500000","79.400000","99.000000","0.000000","14.508000","57.492000","107.000000","579.000000","5.600000","2.900000","6.200000","0.000000","9.000000","1.870000",,,,
"09/05/2019 09:00","9.500000","11.600000","15.000000","2846.400000","2846.400000","2846.400000","54.800000","80.300000","96.200000","0.000000","6.948000","36.000000","90.000000","845.000000","0.000000","1.600000","8.200000","0.000000","10.100000","1.260000",,,,
"10/05/2019 09:00","8.200000","10.100000","16.900000","2846.400000","2846.400000","2846.400000","52.700000","83.800000","100.100000","1.044000","14.652000","53.748000","58.000000","877.000000","16.400000","1.000000","16.900000","0.000000","9.000000","1.310000",,,,
"11/05/2019 09:00","5.600000","9.100000","13.600000","2846.400000","2846.400000","2846.400000","49.500000","78.500000","100.200000","0.000000","12.852000","53.748000","102.000000","888.000000","0.200000","0.500000","18.500000","0.000000","9.900000","1.420000",,,,
"12/05/2019 09:00","8.900000","12.100000","15.500000","2846.400000","2846.400000","2846.400000","66.800000","88.500000","100.100000","0.000000","7.884000","25.236000","85.000000","908.000000","0.200000","2.100000","7.000000","0.000000","9.900000","1.020000",,,,
"13/05/2019 09:00","11.200000","12.900000","16.600000","2846.400000","2846.400000","2846.400000","58.900000","84.400000","100.100000","0.000000","6.840000","29.016000","113.000000","947.000000","0.200000","2.900000","7.300000","0.000000","9.800000","1.270000",,,,
"14/05/2019 09:00","6.000000","11.000000","17.500000","2846.400000","2846.400000","2846.400000","50.700000","80.400000","98.400000","0.000000","7.344000","40.320000","98.000000","919.000000","0.000000","2.000000","10.900000","0.000000","9.800000","1.280000",,,,
"15/05/2019 09:00","4.100000","11.300000","19.200000","2846.400000","2846.400000","2846.400000","51.200000","84.500000","100.200000","0.000000","2.700000","18.792000","114.000000","736.000000","0.000000","2.900000","7.300000","0.000000","9.600000","1.090000",,,,
"16/05/2019 09:00","1.900000","9.300000","16.800000","2846.400000","2846.400000","2846.400000","57.600000","86.000000","100.100000","0.000000","2.664000","16.128000","114.000000","759.000000","0.000000","1.900000","12.500000","0.000000","9.800000","0.970000",,,,
"17/05/2019 09:00","2.800000","9.600000","18.400000","2846.400000","2846.400000","2846.400000","46.300000","81.400000","100.100000","0.000000","2.736000","12.348000","147.000000","567.000000","0.200000","1.800000","13.300000","0.000000","9.800000","1.170000",,,,
"18/05/2019 09:00","1.700000","9.600000","18.300000","2846.400000","2846.400000","2846.400000","48.600000","82.900000","100.100000","0.000000","2.880000","25.236000","146.000000","614.000000","0.200000","2.100000","10.600000","0.300000","9.800000","1.130000",,,,
"19/05/2019 09:00","10.000000","14.600000","20.600000","2846.400000","2846.400000","2846.400000","41.400000","65.400000","89.200000","2.124000","10.476000","29.016000","141.000000","542.000000","0.000000","4.600000","-4.600000","0.000000","9.300000","2.250000",,,,
"20/05/2019 09:00","11.800000","16.800000","23.900000","2846.400000","2846.400000","2846.400000","32.800000","62.100000","100.100000","0.000000","15.516000","40.320000","114.000000","822.000000","2.000000","6.800000","-10.200000","0.000000","9.000000","3.080000",,,,
"21/05/2019 09:00","7.500000","13.100000","19.900000","2846.400000","2846.400000","2846.400000","48.200000","84.100000","100.100000","0.000000","8.640000","41.904000","120.000000","762.000000","0.000000","3.400000","1.700000","0.000000","9.500000","1.330000",,,,
"22/05/2019 09:00","3.700000","10.900000","19.600000","2846.400000","2846.400000","2846.400000","51.900000","85.700000","100.200000","0.000000","5.076000","32.760000","104.000000","809.000000","0.200000","2.800000","8.100000","0.000000","9.900000","1.070000",,,,
"23/05/2019 09:00","5.900000","11.700000","22.100000","2846.400000","2846.400000","2846.400000","33.300000","75.000000","100.100000","0.000000","3.852000","17.712000","140.000000","513.000000","0.000000","3.100000","7.300000","0.000000","9.800000","1.390000",,,,
"24/05/2019 09:00","9.400000","15.300000","24.900000","2846.400000","2846.400000","2846.400000","32.900000","68.900000","98.400000","0.000000","5.292000","37.620000","130.000000","511.000000","1.400000","5.300000","-2.600000","0.000000","9.200000","1.760000",,,,
"25/05/2019 09:00","6.400000","13.400000","22.700000","2846.400000","2846.400000","2846.400000","42.100000","85.700000","100.200000","0.000000","8.748000","33.300000","73.000000","749.000000","0.400000","4.000000","1.700000","0.000000","9.400000","1.190000",,,,
"26/05/2019 09:00","4.200000","9.500000","16.700000","2846.400000","2846.400000","2846.400000","68.800000","95.400000","100.200000","0.000000","11.448000","41.364000","65.000000","701.000000","6.200000","1.300000","14.000000","0.000000","9.300000","0.660000",,,,
"27/05/2019 09:00","4.300000","9.400000","13.900000","2846.400000","2846.400000","2846.400000","75.300000","89.100000","100.100000","2.664000","17.892000","48.888000","97.000000","767.000000","6.800000","0.800000","14.500000","0.000000","9.600000","0.940000",,,,
"28/05/2019 09:00","4.700000","8.300000","12.500000","2846.400000","2846.400000","2846.400000","49.700000","84.000000","100.200000","2.664000","14.508000","44.064000","125.000000","760.000000","0.400000","0.300000","19.800000","0.000000","9.600000","1.110000",,,,
"29/05/2019 09:00","5.800000","10.400000","15.400000","2846.400000","2846.400000","2846.400000","65.000000","83.900000","100.100000","6.444000","21.312000","49.428000","85.000000","692.000000","3.000000","1.200000","13.100000","0.000000","9.400000","1.300000",,,,
"30/05/2019 09:00","0.300000","4.400000","9.900000","2846.400000","2846.400000","2846.400000","61.400000","88.500000","100.100000","0.000000","9.216000","53.208000","97.000000","772.000000","0.600000","0.000000","19.100000","4.300000","9.500000","0.720000",,,,
"31/05/2019 09:00","3.700000","9.600000","12.300000","2846.400000","2846.400000","2846.400000","59.500000","87.500000","100.100000","0.000000","11.412000","31.140000","100.000000","676.000000","0.000000","0.300000","16.000000","0.000000","9.400000","0.870000",,,,
"01/06/2019 09:00","2.600000","9.000000","14.100000","2846.400000","2846.400000","2846.400000","68.900000","89.500000","100.200000","0.000000","7.704000","30.636000","83.000000","765.000000","0.200000","1.000000","14.700000","0.000000","9.400000","0.770000",,,,
"02/06/2019 09:00","5.000000","9.900000","15.200000","2846.400000","2846.400000","2846.400000","66.100000","85.500000","100.100000","0.000000","6.552000","21.996000","125.000000","719.000000","0.200000","1.100000","15.800000","0.000000","9.500000","0.970000",,,,
"03/06/2019 09:00","4.900000","8.200000","13.600000","2846.400000","2846.400000","2846.400000","69.900000","87.100000","100.100000","1.584000","11.808000","41.364000","75.000000","796.000000","2.000000","0.300000","19.500000","0.000000","9.500000","0.910000",,,,
"04/06/2019 09:00","4.300000","7.600000","12.200000","2846.400000","2846.400000","2846.400000","61.200000","82.900000","98.000000","2.124000","15.696000","44.604000","119.000000","737.000000","0.200000","0.200000","20.500000","0.000000","9.400000","1.130000",,,,
"05/06/2019 09:00","1.600000","8.000000","13.300000","2846.400000","2846.400000","2846.400000","54.800000","81.800000","100.100000","0.000000","10.512000","39.204000","118.000000","731.000000","0.000000","0.400000","18.200000","0.200000","9.500000","1.040000",,,,
"06/06/2019 09:00","7.200000","9.500000","11.900000","2846.400000","2846.400000","2846.400000","62.000000","78.700000","97.700000","0.504000","8.928000","27.396000","68.000000","839.000000","0.200000","0.200000","17.700000","0.000000","9.200000","1.080000",,,,
"07/06/2019 09:00","7.300000","10.900000","12.400000","2846.400000","2846.400000","2846.400000","75.700000","83.900000","92.500000","0.000000","4.824000","19.872000","50.000000","561.000000","0.000000","1.000000","13.000000","0.000000","9.200000","0.780000",,,,
"08/06/2019 09:00","3.700000","8.700000","16.100000","2846.400000","2846.400000","2846.400000","54.900000","86.600000","100.100000","0.000000","4.932000","19.872000","130.000000","578.000000","0.200000","1.200000","16.300000","0.000000","9.400000","0.900000",,,,
"09/06/2019 09:00","2.800000","8.400000","17.200000","2846.400000","2846.400000","2846.400000","47.200000","80.300000","97.300000","0.000000","4.608000","23.076000","129.000000","505.000000","0.000000","1.300000","15.800000","0.000000","9.100000","1.000000",,,,
"10/06/2019 09:00","9.200000","12.300000","17.100000","2846.400000","2846.400000","2846.400000","40.400000","78.800000","96.900000","0.000000","9.792000","58.032000","75.000000","681.000000","2.800000","2.300000","7.100000","0.000000","8.900000","1.310000",,,,
"11/06/2019 09:00","2.100000","9.100000","17.200000","2846.400000","2846.400000","2846.400000","55.100000","86.400000","100.100000","0.000000","8.388000","39.204000","107.000000","725.000000","0.000000","1.900000","13.200000","0.000000","9.300000","0.960000",,,,
"27/07/2019 09:00","4.300000","8.400000","12.900000","0.000000","0.000000","0.000000","93.000000","99.300000","100.200000","0.000000","0.828000","8.568000","15.000000","263.000000","0.600000","0.300000","13.600000","0.000000","3.400000","0.510000",,,,
"28/07/2019 09:00","1.800000","7.400000","12.300000","0.000000","926.100000","926.400000","56.200000","88.400000","100.100000","0.000000","1.440000","14.508000","72.000000","697.000000","0.000000","0.200000","19.400000","0.100000","9.800000","0.760000",,,,
"29/07/2019 09:00","6.000000","9.400000","12.900000","926.400000","926.400000","926.400000","64.400000","87.300000","100.100000","0.000000","3.600000","20.952000","113.000000","767.000000","1.400000","0.400000","19.000000","0.000000","9.400000","1.020000",,,,
"30/07/2019 09:00","1.000000","7.300000","13.700000","0.000000","0.000000","819.200000","63.900000","92.500000","100.100000","0.000000","4.068000","130.608000","15.000000","251.000000","0.000000","0.200000","12.700000","1.300000","2.700000","0.560000",,,,
"31/07/2019 09:00","3.800000","8.100000","11.100000","0.000000","635.000000","635.200000","61.000000","85.100000","100.200000","0.000000","2.448000","15.552000","81.000000","778.000000","0.000000","0.100000","19.800000","0.000000","9.800000","0.850000",,,,
"01/08/2019 09:00","6.600000","8.300000","12.200000","635.200000","635.200000","635.200000","60.100000","81.100000","98.700000","0.000000","3.924000","16.632000","106.000000","887.000000","0.000000","0.000000","20.400000","0.000000","9.800000","1.110000",,,,
"02/08/2019 09:00","6.300000","9.200000","12.700000","635.200000","635.200000","635.200000","62.700000","85.400000","100.200000","0.000000","3.924000","18.792000","97.000000","834.000000","0.000000","0.400000","18.000000","0.000000","9.800000","1.030000",,,,
"03/08/2019 09:00","8.000000","9.200000","10.900000","635.200000","635.200000","635.200000","70.000000","87.300000","100.100000","0.000000","4.320000","16.632000","63.000000","376.000000","0.000000","0.100000","18.400000","0.000000","9.400000","0.870000",,,,
"04/08/2019 09:00","3.300000","8.300000","12.800000","635.200000","635.200000","635.200000","68.000000","92.400000","100.200000","0.000000","3.240000","25.236000","64.000000","449.000000","0.000000","0.400000","18.100000","0.000000","9.800000","0.770000",,,,
"05/08/2019 09:00","1.000000","6.900000","12.900000","635.200000","635.200000","635.200000","56.200000","89.200000","100.100000","0.000000","2.052000","18.792000","78.000000","380.000000","0.200000","0.500000","17.200000","1.700000","9.700000","0.840000",,,,
"06/08/2019 09:00","5.800000","9.300000","16.100000","635.200000","635.200000","635.200000","52.900000","80.300000","96.000000","0.000000","5.796000","25.776000","156.000000","590.000000","0.000000","1.200000","16.500000","0.000000","10.100000","1.550000",,,,
"07/08/2019 09:00","3.900000","8.400000","16.300000","0.000000","0.000000","0.000000","52.200000","88.700000","100.100000","0.000000","1.944000","125.784000","61.000000","736.000000","0.000000","0.800000","14.400000","0.000000","5.400000","0.870000",,,,
"08/08/2019 09:00","5.100000","8.400000","13.000000","-161.600000","-161.500000","0.000000","60.800000","91.500000","100.200000","0.000000","4.392000","23.616000","110.000000","928.000000","20.000000","0.500000","19.600000","0.000000","9.300000","1.040000",,,,
"09/08/2019 09:00","4.600000","7.600000","11.300000","-161.600000","-161.600000","-161.600000","67.900000","87.500000","99.900000","5.868000","23.292000","67.716000","106.000000","949.000000","5.400000","0.000000","21.700000","0.000000","9.800000","1.140000",,,,
"10/08/2019 09:00","1.500000","5.200000","11.100000","-161.600000","-161.600000","-161.600000","57.300000","91.300000","100.100000","0.000000","10.044000","42.444000","131.000000","950.000000","4.400000","0.000000","22.100000","1.000000","10.000000","1.010000",,,,
"11/08/2019 09:00","3.700000","6.900000","10.600000","-161.600000","-161.600000","-161.600000","73.200000","89.100000","96.900000","2.664000","15.480000","44.604000","142.000000","966.000000","3.400000","0.000000","22.600000","0.000000","10.200000","1.120000",,,,
"12/08/2019 09:00","-0.100000","5.400000","11.500000","-161.600000","-161.600000","-161.600000","70.900000","89.500000","100.100000","0.000000","9.360000","41.364000","145.000000","972.000000","0.200000","0.000000","15.800000","5.700000","10.300000","1.110000",,,,
"13/08/2019 09:00","0.600000","6.600000","11.300000","-161.600000","-161.600000","-161.600000","64.300000","87.900000","100.100000","0.000000","3.996000","21.996000","138.000000","935.000000","0.200000","0.000000","20.000000","0.900000","10.100000","1.140000",,,,
"14/08/2019 09:00","5.600000","8.200000","11.000000","-161.600000","-29.300000","10.100000","82.900000","95.900000","100.200000","0.000000","2.016000","21.996000","97.000000","1067.000000","0.000000","0.000000","21.100000","0.000000","10.100000","0.960000",,,,
"15/08/2019 09:00","1.400000","7.100000","14.500000","8.100000","10.000000","11.600000","51.200000","81.500000","96.400000","0.000000","7.416000","31.680000","176.000000","954.000000","0.200000","0.900000","14.900000","3.400000","10.500000","1.600000",,,,
"16/08/2019 09:00","5.600000","10.900000","17.500000","8.000000","10.100000","11.400000","46.700000","71.000000","86.800000","0.000000","5.832000","23.616000","153.000000","976.000000","0.000000","1.800000","12.400000","0.000000","10.200000","1.900000",,,,
"17/08/2019 09:00","-1.900000","6.600000","15.500000","8.100000","10.200000","11.800000","51.800000","85.300000","100.100000","0.000000","6.732000","36.540000","149.000000","1058.000000","0.200000","1.100000","9.900000","6.000000","10.400000","1.410000",,,,
"18/08/2019 09:00","5.200000","9.400000","13.800000","7.900000","9.800000","11.100000","54.100000","74.500000","100.100000","0.000000","10.584000","32.760000","187.000000","716.000000","0.000000","0.700000","17.200000","0.000000","10.300000","1.980000",,,,
"19/08/2019 09:00","0.300000","6.000000","14.100000","7.700000","9.400000","10.500000","55.400000","89.900000","100.100000","0.000000","13.392000","56.448000","100.000000","1069.000000","1.800000","0.200000","16.500000","3.300000","10.200000","1.070000",,,,
"20/08/2019 09:00","2.000000","7.000000","12.200000","7.600000","8.700000","9.800000","60.900000","88.100000","100.100000","0.000000","8.856000","30.060000","148.000000","1067.000000","0.400000","0.100000","20.600000","0.000000","10.400000","1.290000",,,,
"21/08/2019 09:00","8.600000","11.500000","15.200000","7.900000","10.000000","10.700000","70.900000","89.700000","100.100000","4.824000","16.596000","42.984000","137.000000","1065.000000","0.200000","1.500000","9.100000","0.000000","10.500000","1.420000",,,,
"22/08/2019 09:00","9.100000","11.700000","15.400000","10.500000","11.500000","12.300000","67.700000","87.100000","99.600000","3.744000","15.372000","37.080000","139.000000","982.000000","1.000000","1.800000","8.200000","0.000000","10.400000","1.580000",,,,
"23/08/2019 09:00","1.600000","8.200000","15.300000","10.000000","11.400000","12.800000","58.100000","87.800000","100.100000","0.000000","5.832000","32.256000","153.000000","1045.000000","0.200000","1.100000","14.800000","0.500000","10.600000","1.470000",,,,
"24/08/2019 09:00","1.700000","7.400000","15.200000","9.200000","11.000000","12.600000","58.000000","87.000000","100.100000","0.000000","5.148000","36.000000","184.000000","1089.000000","0.200000","1.100000","15.200000","0.300000","10.700000","1.660000",,,,
"25/08/2019 09:00","-1.400000","7.200000","16.900000","8.300000","10.200000","11.700000","49.300000","86.500000","100.100000","0.000000","8.244000","39.744000","140.000000","934.000000","0.200000","1.400000","9.500000","5.900000","10.700000","1.480000",,,,
"26/08/2019 09:00","-2.000000","5.300000","13.600000","8.100000","9.700000","11.400000","51.300000","87.300000","100.100000","0.000000","4.428000","23.076000","187.000000","1092.000000","0.200000","0.300000","12.200000","7.400000","10.600000","1.570000",,,,
"27/08/2019 09:00","0.000000","7.200000","14.200000","8.000000","10.000000","11.500000","52.600000","86.100000","100.200000","0.000000","3.456000","19.872000","176.000000","1158.000000","0.200000","0.600000","15.100000","3.000000","10.800000","1.600000",,,,
"28/08/2019 09:00","1.100000","8.000000","15.300000","8.700000","10.400000","12.000000","54.100000","88.200000","100.100000","0.000000","5.400000","21.996000","167.000000","1146.000000","0.000000","0.900000","15.800000","0.800000","10.800000","1.580000",,,,
"29/08/2019 09:00","-1.200000","4.900000","12.000000","7.300000","9.500000","10.800000","79.800000","92.000000","100.100000","0.000000","7.128000","36.000000","109.000000","943.000000","3.400000","0.100000","12.700000","7.900000","10.900000","1.040000",,,,
"30/08/2019 09:00","-2.800000","5.100000","13.200000","7.100000","8.800000","10.500000","50.500000","82.100000","100.100000","0.000000","3.456000","18.252000","187.000000","1186.000000","0.200000","0.400000","11.800000","7.600000","11.000000","1.650000",,,,
"31/08/2019 09:00","1.500000","8.100000","16.400000","7.000000","9.500000","11.400000","45.400000","78.200000","96.300000","0.000000","6.156000","24.696000","227.000000","780.000000","0.000000","1.300000","15.500000","0.400000","11.000000","2.210000",,,,
"01/09/2019 09:00","7.400000","12.500000","19.600000","8.200000","10.900000","12.200000","35.900000","64.200000","96.700000","0.000000","8.424000","35.460000","220.000000","776.000000","1.000000","3.000000","4.900000","0.000000","10.800000","2.980000",,,,
"02/09/2019 09:00","-0.200000","7.700000","15.600000","9.100000","11.000000","12.300000","61.600000","89.200000","100.100000","0.000000","7.992000","56.448000","167.000000","1189.000000","2.400000","1.300000","10.300000","4.600000","11.000000","1.570000",,,,
"03/09/2019 09:00","3.400000","9.900000","15.000000","9.000000","10.500000","11.500000","59.800000","86.700000","100.100000","0.000000","6.120000","27.936000","154.000000","1047.000000","3.000000","0.900000","13.600000","0.000000","10.600000","1.600000",,,,
"04/09/2019 09:00","0.200000","9.600000","19.800000","9.700000","12.100000","14.300000","47.200000","83.500000","100.200000","0.000000","3.168000","21.492000","223.000000","795.000000","0.200000","2.700000","4.500000","4.000000","11.000000","2.330000",,,,
"05/09/2019 09:00","4.000000","9.200000","16.900000","10.200000","11.500000","13.000000","60.700000","93.600000","100.200000","0.000000","3.888000","21.492000","145.000000","1063.000000","0.200000","1.300000","15.000000","0.000000","11.000000","1.560000",,,,
"06/09/2019 09:00","3.400000","11.400000","19.100000","10.300000","12.500000","14.000000","60.500000","85.500000","100.100000","0.000000","7.632000","37.080000","187.000000","1146.000000","0.600000","2.700000","7.800000","0.000000","11.000000","2.070000",,,,
"07/09/2019 09:00","3.400000","7.800000","12.300000","9.800000","11.500000","12.500000","68.900000","90.500000","100.100000","1.584000","13.644000","41.904000","163.000000","1208.000000","2.200000","0.100000","20.100000","0.000000","11.100000","1.400000",,,,
"08/09/2019 09:00","5.400000","8.600000","13.700000","9.700000","10.700000","11.700000","63.700000","91.800000","100.100000","0.504000","10.872000","39.744000","176.000000","1241.000000","2.200000","0.400000","18.400000","0.000000","11.100000","1.570000",,,,
"09/09/2019 09:00","2.200000","7.600000","13.300000","8.600000","10.400000","11.600000","56.300000","85.200000","99.800000","1.044000","11.484000","52.668000","158.000000","1171.000000","5.600000","0.500000","18.300000","0.000000","11.200000","1.610000",,,,
"10/09/2019 09:00","-1.000000","6.600000","14.100000","8.600000","10.100000","11.700000","47.300000","81.300000","100.100000","0.000000","6.480000","38.124000","206.000000","1298.000000","0.000000","0.700000","13.200000","4.500000","11.300000","1.950000",,,,
"11/09/2019 09:00","-0.600000","6.000000","13.800000","8.400000","10.100000","11.800000","59.300000","87.400000","100.100000","0.000000","2.304000","15.012000","163.000000","1202.000000","0.000000","0.500000","10.600000","7.700000","11.400000","1.640000",,,,
"12/09/2019 09:00","4.500000","11.000000","18.600000","8.400000","11.300000","13.100000","45.800000","72.000000","98.300000","0.000000","5.292000","30.636000","246.000000","931.000000","0.200000","2.300000","10.300000","0.000000","11.200000","2.790000",,,,
"13/09/2019 09:00","-0.500000","9.600000","19.500000","10.500000","12.600000","14.600000","53.200000","83.200000","100.200000","0.000000","6.984000","36.000000","245.000000","1146.000000","0.000000","2.800000","3.700000","4.300000","11.400000","2.550000",,,,
"14/09/2019 09:00","-0.100000","9.500000","17.600000","10.500000","12.600000","14.300000","59.200000","87.700000","100.100000","0.000000","5.436000","25.776000","239.000000","1246.000000","0.200000","1.800000","10.800000","1.600000","11.400000","2.320000",,,,
"15/09/2019 09:00","9.100000","13.400000","20.800000","11.000000","13.900000","15.500000","42.000000","77.300000","100.100000","0.000000","3.996000","22.572000","247.000000","861.000000","0.000000","3.400000","2.200000","0.000000","11.200000","3.000000",,,,
"16/09/2019 09:00","6.000000","13.800000","21.400000","13.000000","14.400000","15.600000","55.900000","82.200000","96.700000","0.000000","7.092000","30.636000","119.000000","1061.000000","0.400000","4.400000","0.000000","0.000000","11.400000","1.900000",,,,
"17/09/2019 09:00","-2.500000","5.200000","14.100000","9.900000","12.700000","14.500000","40.100000","75.700000","99.700000","0.000000","7.596000","31.680000","211.000000","1093.000000","0.200000","0.600000","9.300000","9.000000","11.600000","2.150000",,,,
"18/09/2019 09:00","-2.100000","6.300000","14.600000","9.800000","12.100000","14.200000","37.900000","75.000000","100.100000","0.000000","3.384000","23.616000","280.000000","956.000000","0.000000","0.800000","9.800000","7.400000","11.600000","2.600000",,,,
"19/09/2019 09:00","6.700000","11.300000","18.900000","10.100000","12.700000","14.600000","37.500000","67.600000","84.700000","0.000000","9.900000","36.000000","275.000000","901.000000","0.000000","2.300000","10.200000","0.000000","11.700000","3.440000",,,,
"20/09/2019 09:00","12.500000","17.300000","23.200000","11.600000","14.200000","15.500000","34.800000","57.100000","80.000000","3.744000","16.812000","52.128000","229.000000","1106.000000","0.000000","7.300000","-11.800000","0.000000","11.600000","4.720000",,,,
"21/09/2019 09:00","10.100000","16.500000","25.000000","13.900000","15.800000","17.400000","35.100000","71.500000","99.300000","0.000000","11.268000","42.984000","192.000000","1099.000000","2.000000","6.500000","-7.100000","0.000000","10.900000","3.400000",,,,
"22/09/2019 09:00","-0.200000","6.700000","15.000000","11.200000","14.000000","15.600000","72.300000","92.800000","100.100000","0.000000","7.668000","42.984000","207.000000","1380.000000","1.800000","0.800000","11.300000","6.500000","11.800000","1.850000",,,,
"23/09/2019 09:00","1.600000","8.400000","15.200000","11.000000","12.500000","13.700000","47.300000","84.600000","100.100000","0.000000","7.452000","31.140000","188.000000","1347.000000","1.000000","0.800000","16.500000","0.100000","11.400000","1.980000",,,,
"24/09/2019 09:00","-0.500000","6.700000","15.700000","10.500000","12.400000","14.300000","45.900000","85.700000","100.200000","0.000000","5.724000","32.256000","241.000000","1277.000000","0.600000","1.000000","9.000000","7.400000","11.900000","2.340000",,,,
"25/09/2019 09:00","0.900000","9.200000","15.600000","10.500000","12.400000","13.800000","53.200000","84.600000","100.100000","0.000000","3.996000","20.412000","167.000000","1371.000000","0.000000","1.000000","14.600000","0.600000","11.900000","1.880000",,,,
"26/09/2019 09:00","0.100000","8.400000","17.600000","11.300000","13.200000","15.300000","40.600000","84.000000","100.100000","0.000000","3.024000","21.492000","240.000000","1245.000000","0.000000","1.600000","11.200000","2.800000","11.900000","2.570000",,,,
"27/09/2019 09:00","3.800000","11.600000","21.600000","11.500000","14.100000","16.200000","34.500000","71.900000","97.100000","0.000000","4.320000","27.936000","250.000000","1173.000000","0.000000","3.400000","6.000000","0.000000","11.600000","3.170000",,,,
"28/09/2019 09:00","-1.900000","7.400000","18.000000","11.200000","13.500000","15.300000","38.300000","77.700000","100.100000","0.000000","7.776000","45.144000","239.000000","1462.000000","0.000000","1.700000","7.000000","6.700000","12.000000","2.650000",,,,
"29/09/2019 09:00","1.400000","8.700000","16.500000","11.200000","13.600000","15.600000","43.100000","76.500000","100.100000","0.000000","4.644000","21.996000","262.000000","1316.000000","0.000000","1.400000","12.900000","1.000000","12.000000","2.790000",,,,
"30/09/2019 09:00","0.100000","9.200000","15.800000","11.800000","13.500000","15.100000","48.700000","79.000000","100.100000","0.000000","5.868000","26.856000","204.000000","1479.000000","0.000000","1.500000","12.800000","1.000000","12.000000","2.260000",,,,
"01/10/2019 09:00","-1.400000","8.600000","17.700000","11.700000","14.200000","16.500000","39.400000","74.400000","100.100000","0.000000","4.464000","20.952000","315.000000","972.000000","0.200000","2.000000","8.800000","3.600000","12.100000","3.260000",,,,
"02/10/2019 09:00","4.500000","12.600000","23.000000","12.000000","15.000000","17.300000","21.600000","56.100000","81.600000","0.000000","6.048000","29.556000","297.000000","970.000000","0.000000","3.800000","3.600000","0.000000","12.200000","4.140000",,,,
"03/10/2019 09:00","5.600000","15.700000","27.500000","13.300000","15.400000","17.200000","17.100000","54.000000","100.100000","0.000000","9.072000","39.204000","220.000000","1161.000000","0.000000","6.300000","-1.500000","0.000000","12.000000","4.380000",,,,
"04/10/2019 09:00","7.400000","12.800000","19.400000","14.300000","15.500000","17.000000","60.800000","83.800000","100.100000","0.000000","8.712000","28.476000","203.000000","1322.000000","0.000000","3.000000","2.900000","0.000000","12.200000","2.560000",,,,
"05/10/2019 09:00","8.600000","12.300000","18.400000","14.200000","15.600000","17.100000","53.000000","79.200000","95.300000","0.000000","9.972000","32.760000","188.000000","1171.000000","0.000000","2.500000","6.000000","0.000000","11.900000","2.600000",,,,
"06/10/2019 09:00","12.900000","19.100000","25.200000","14.300000","16.800000","18.000000","38.800000","58.100000","82.000000","0.000000","15.156000","46.764000","236.000000","1348.000000","0.200000","9.100000","-17.900000","0.000000","11.800000","4.950000",,,,
"07/10/2019 09:00","7.700000","13.100000","18.600000","15.200000","16.600000","17.400000","62.200000","86.100000","98.500000","0.000000","12.276000","42.444000","148.000000","1270.000000","0.000000","3.100000","3.500000","0.000000","12.200000","2.030000",,,,
"08/10/2019 09:00","4.400000","11.000000","18.900000","14.400000","16.400000","18.200000","37.700000","74.700000","100.100000","0.000000","9.288000","38.124000","251.000000","1456.000000","0.200000","2.400000","9.000000","0.000000","12.300000","3.120000",,,,
"09/10/2019 09:00","1.200000","8.200000","16.400000","13.000000","15.100000","16.800000","39.200000","72.600000","99.600000","0.000000","10.620000","44.064000","266.000000","1382.000000","0.000000","1.200000","13.500000","1.500000","12.400000","3.010000",,,,
"10/10/2019 09:00","4.800000","10.400000","14.800000","13.000000","14.300000","15.300000","52.700000","74.900000","93.400000","0.000000","6.948000","22.572000","149.000000","834.000000","0.000000","1.300000","12.400000","0.000000","12.300000","2.100000",,,,
"11/10/2019 09:00","1.900000","10.600000","19.300000","13.300000","15.400000","17.200000","35.700000","72.000000","99.900000","0.000000","6.336000","23.076000","283.000000","1542.000000","0.000000","2.100000","10.300000","0.000000","12.500000","3.380000",,,,
"12/10/2019 09:00","3.100000","11.600000","19.500000","13.800000","15.800000","17.600000","32.200000","71.300000","100.100000","0.000000","5.652000","25.236000","265.000000","1421.000000","0.000000","2.800000","7.700000","0.000000","12.600000","3.290000",,,,
"13/10/2019 09:00","7.700000","14.800000","23.300000","14.200000","16.700000","18.700000","20.400000","54.500000","87.800000","0.000000","10.008000","30.060000","315.000000","1256.000000","0.000000","5.000000","-2.100000","0.000000","12.500000","4.910000",,,,
"14/10/2019 09:00","11.700000","17.700000","26.700000","15.200000","17.300000","18.600000","19.500000","64.300000","100.200000","0.000000","8.568000","42.984000","236.000000","1427.000000","1.400000","7.700000","-9.900000","0.000000","12.500000","4.280000",,,,
"15/10/2019 09:00","2.100000","12.200000","19.700000","15.200000","17.500000","19.300000","54.300000","79.800000","100.100000","0.000000","8.604000","27.396000","271.000000","1455.000000","0.000000","3.800000","2.300000","0.000000","12.600000","3.140000",,,,
"16/10/2019 09:00","11.400000","14.800000","20.700000","15.200000","17.800000","19.400000","43.600000","75.300000","100.100000","0.000000","6.192000","24.696000","278.000000","1217.000000","3.400000","4.800000","-3.500000","0.000000","11.800000","3.730000",,,,
"17/10/2019 09:00","5.400000","11.300000","19.900000","14.100000","16.400000","17.800000","35.400000","81.000000","99.900000","0.000000","12.168000","37.080000","157.000000","880.000000","1.200000","2.600000","8.500000","0.000000","12.700000","2.380000",,,,
"18/10/2019 09:00","-0.100000","8.300000","16.500000","12.800000","14.800000","16.400000","39.500000","73.600000","100.100000","0.000000","11.196000","46.188000","252.000000","1467.000000","0.000000","1.600000","8.300000","5.900000","12.800000","2.900000",,,,
"19/10/2019 09:00","6.300000","12.000000","20.800000","12.800000","15.000000","16.700000","33.100000","75.000000","100.100000","1.584000","14.688000","55.872000","269.000000","1322.000000","0.200000","3.000000","6.000000","0.000000","12.800000","3.600000",,,,
"20/10/2019 09:00","2.800000","9.100000","16.900000","13.300000","14.900000","16.500000","37.900000","76.100000","100.100000","0.000000","10.224000","45.684000","254.000000","1554.000000","0.200000","1.500000","14.100000","0.000000","12.700000","2.960000",,,,
"21/10/2019 09:00","1.200000","10.700000","19.100000","13.300000","15.400000","17.300000","41.900000","72.400000","100.100000","0.000000","7.272000","36.540000","297.000000","1483.000000","0.000000","2.600000","7.800000","0.700000","12.900000","3.510000",,,,
"22/10/2019 09:00","2.000000","13.400000","24.100000","13.700000","17.000000","19.400000","16.800000","67.900000","100.100000","0.000000","4.464000","24.696000","362.000000","1149.000000","0.000000","5.000000","0.700000","0.000000","12.900000","4.670000",,,,
"23/10/2019 09:00","4.900000","17.300000","28.600000","15.300000","18.800000","21.400000","10.600000","45.300000","93.900000","0.000000","4.104000","24.192000","364.000000","1152.000000","0.000000","8.200000","-5.800000","0.000000","12.900000","5.460000",,,,
"24/10/2019 09:00","13.000000","22.700000","33.300000","17.000000","20.600000","23.200000","8.000000","31.000000","57.900000","0.000000","7.344000","27.936000","360.000000","1120.000000","0.000000","12.700000","-15.800000","0.000000","13.000000","7.090000",,,,
"25/10/2019 09:00","12.700000","24.600000","37.100000","19.100000","22.000000","24.100000","4.600000","30.200000","76.500000","0.000000","13.500000","61.272000","343.000000","1122.000000","0.000000","14.600000","-17.800000","0.000000","12.800000","9.110000",,,,
"26/10/2019 09:00","7.200000","13.600000","22.400000","17.900000","20.700000","22.700000","21.900000","62.900000","95.000000","2.124000","19.332000","69.876000","323.000000","1431.000000","2.600000","4.000000","1.200000","0.000000","12.900000","4.980000",,,,
"27/10/2019 09:00","1.700000","9.500000","18.000000","15.300000","17.500000","18.900000","36.100000","74.500000","100.100000","0.000000","11.772000","53.208000","299.000000","1500.000000","1.400000","1.800000","12.100000","0.100000","13.000000","3.420000",,,,
"28/10/2019 09:00","-0.100000","10.400000","19.800000","14.400000","16.300000","17.800000","43.600000","81.600000","100.100000","0.000000","7.164000","34.920000","226.000000","1554.000000","1.200000","2.700000","5.500000","3.200000","13.100000","2.780000",,,,
"29/10/2019 09:00","4.300000","14.800000","25.500000","14.400000","18.000000","20.500000","18.300000","52.500000","91.800000","0.000000","4.572000","30.060000","386.000000","1173.000000","0.000000","5.900000","-1.300000","0.000000","13.200000","5.370000",,,,
"30/10/2019 09:00","8.800000","20.700000","32.400000","16.400000","19.900000","22.300000","9.000000","42.300000","84.000000","0.000000","8.748000","42.444000","383.000000","1167.000000","0.000000","10.800000","-11.200000","0.000000","13.100000","7.150000",,,,
"31/10/2019 09:00","10.600000","24.200000","35.900000","18.600000","22.100000","24.600000","6.000000","28.600000","71.000000","0.000000","8.496000","42.444000","374.000000","1143.000000","0.000000","14.200000","-17.400000","0.000000","13.200000","7.940000",,,,
"01/11/2019 09:00","16.900000","25.600000","33.900000","20.400000","23.000000","24.900000","16.700000","37.200000","64.800000","0.000000","9.504000","61.272000","361.000000","1128.000000","0.000000","15.600000","-23.300000","0.000000","13.100000","7.790000",,,,
"02/11/2019 09:00","14.000000","22.400000","34.700000","21.300000","23.300000","24.800000","20.500000","61.800000","100.200000","0.000000","14.616000","58.572000","211.000000","1455.000000","11.200000","12.400000","-13.900000","0.000000","12.500000","5.730000",,,,
"03/11/2019 09:00","8.800000","15.300000","21.700000","18.200000","20.300000","21.600000","42.300000","76.400000","100.100000","0.000000","7.452000","36.000000","184.000000","1553.000000","0.400000","5.300000","-4.600000","0.000000","13.000000","2.930000",,,,
"04/11/2019 09:00","3.100000","12.600000","22.800000","17.100000","19.600000","21.800000","30.900000","68.400000","100.000000","0.000000","10.872000","41.364000","302.000000","1538.000000","0.000000","4.300000","1.800000","0.000000","13.600000","4.250000",,,,
"05/11/2019 09:00","-0.200000","9.000000","17.300000","14.800000","17.300000","19.000000","48.200000","79.700000","100.100000","0.000000","9.324000","49.428000","276.000000","1554.000000","2.200000","1.600000","11.200000","1.700000","13.400000","3.010000",,,,
"06/11/2019 09:00","7.800000","13.600000","21.200000","14.900000","18.300000","20.500000","31.000000","67.700000","100.100000","0.000000","10.764000","43.524000","359.000000","1334.000000","0.000000","4.000000","0.900000","0.000000","13.200000","4.740000",,,,
"07/11/2019 09:00","8.200000","14.000000","23.300000","16.800000","18.700000","20.700000","21.300000","62.300000","93.800000","5.868000","23.688000","57.492000","331.000000","1396.000000","0.200000","4.300000","-0.100000","0.000000","13.400000","5.440000",,,,
"08/11/2019 09:00","8.900000","12.800000","19.000000","16.200000","17.600000","18.800000","45.400000","78.500000","100.000000","0.000000","21.564000","61.272000","215.000000","1554.000000","3.000000","2.900000","3.400000","0.000000","13.200000","3.090000",,,,
"09/11/2019 09:00","1.300000","8.100000","15.200000","13.800000","16.100000","17.700000","41.400000","78.100000","100.100000","0.000000","12.600000","52.668000","299.000000","1554.000000","1.600000","0.900000","15.000000","1.000000","13.500000","3.040000",,,,
"10/11/2019 09:00","9.000000","11.900000","16.100000","13.900000","15.600000","16.700000","46.800000","74.800000","98.400000","2.124000","15.624000","42.984000","209.000000","1554.000000","0.200000","2.000000","7.400000","0.000000","13.300000","2.990000",,,,
"11/11/2019 09:00","3.900000","12.600000","22.900000","15.100000","17.400000","19.700000","30.000000","70.900000","100.100000","0.000000","6.948000","35.460000","329.000000","1554.000000","0.000000","4.100000","1.900000","0.000000","13.600000","4.400000",,,,
"12/11/2019 09:00","8.800000","21.200000","33.400000","16.000000","19.800000","22.000000","5.300000","36.300000","86.000000","0.000000","18.720000","60.192000","385.000000","1366.000000","0.000000","11.200000","-12.000000","0.000000","13.800000","9.320000",,,,
"13/11/2019 09:00","1.400000","10.600000","18.700000","16.300000","18.800000","20.700000","25.800000","60.900000","97.200000","1.044000","16.380000","53.748000","326.000000","1554.000000","0.000000","2.500000","8.700000","0.400000","13.700000","4.330000",,,,
"14/11/2019 09:00","9.700000","12.800000","18.500000","16.300000","17.800000","19.200000","42.900000","82.100000","100.100000","0.504000","14.148000","42.444000","242.000000","1554.000000","2.600000","2.800000","4.800000","0.000000","13.600000","3.080000",,,,
"15/11/2019 09:00","10.000000","14.100000","20.000000","16.700000","18.000000","19.300000","48.500000","72.400000","100.100000","1.584000","15.120000","36.000000","232.000000","1554.000000","0.400000","4.100000","-1.200000","0.000000","13.400000","3.640000",,,,
"16/11/2019 09:00","0.200000","11.300000","20.300000","15.400000","17.500000","19.200000","41.200000","72.500000","100.100000","0.000000","11.592000","43.524000","247.000000","1554.000000","0.000000","3.200000","4.800000","0.800000","13.900000","3.360000",,,,
"17/11/2019 09:00","4.000000","11.700000","18.900000","15.400000","17.600000","19.500000","30.800000","63.300000","96.100000","0.000000","9.000000","31.140000","305.000000","1299.000000","0.000000","2.800000","6.800000","0.000000","13.800000","4.050000",,,,
"18/11/2019 09:00","3.100000","13.000000","20.500000","15.900000","18.600000","20.900000","30.000000","60.300000","97.000000","0.000000","6.408000","30.636000","396.000000","1554.000000","0.000000","4.300000","0.400000","0.000000","13.800000","4.910000",,,,
"19/11/2019 09:00","5.300000","18.700000","30.500000","17.000000","20.800000","23.400000","13.300000","39.200000","80.100000","0.000000","8.532000","38.124000","424.000000","1229.000000","0.000000","9.200000","-8.100000","0.000000","13.800000","7.340000",,,,
"20/11/2019 09:00","10.500000","19.000000","27.400000","19.100000","22.100000","24.400000","18.400000","54.100000","92.200000","0.504000","10.332000","30.636000","396.000000","1354.000000","0.000000","9.000000","-11.300000","0.000000","13.900000","6.540000",,,,
"21/11/2019 09:00","22.100000","32.100000","40.200000","20.200000","23.800000","25.600000","8.100000","14.700000","40.300000","0.000000","13.680000","65.556000","343.000000","1457.000000","0.000000","22.100000","-24.000000","0.000000","13.600000","11.130000",,,,
"22/11/2019 09:00","7.400000","17.000000","38.000000","20.600000","23.600000","25.600000","6.900000","61.600000","95.500000","0.504000","17.892000","71.460000","294.000000","1441.000000","0.000000","7.200000","-4.200000","0.000000","13.900000","7.340000",,,,
"23/11/2019 09:00","4.500000","15.700000","25.300000","20.600000","23.000000","25.400000","21.400000","53.900000","91.400000","0.000000","9.936000","35.460000","430.000000","1252.000000","0.000000","6.300000","-5.000000","0.000000","14.000000","6.260000",,,,
"24/11/2019 09:00","1.900000","14.700000","24.200000","19.900000","22.400000","24.500000","26.500000","56.500000","93.500000","0.000000","10.908000","54.252000","382.000000","1554.000000","0.000000","5.900000","-3.500000","0.000000","14.200000","5.550000",,,,
"25/11/2019 09:00","5.800000","16.900000","27.700000","19.900000","23.000000","25.700000","10.400000","38.300000","83.700000","0.000000","5.688000","39.744000","426.000000","1270.000000","0.000000","7.400000","-5.900000","0.000000","14.000000","6.560000",,,,
"26/11/2019 09:00","8.900000","17.800000","28.100000","19.800000","21.700000","22.900000","15.900000","52.000000","92.800000","0.000000","17.424000","77.400000","144.000000","1276.000000","0.600000","7.900000","-6.400000","0.000000","13.900000","5.180000",,,,
"27/11/2019 09:00","1.900000","11.600000","19.400000","18.100000","20.300000","22.200000","24.100000","55.500000","87.000000","0.000000","12.636000","51.588000","400.000000","1554.000000","0.000000","3.300000","4.000000","0.000000","14.000000","5.090000",,,,
"28/11/2019 09:00","7.200000","16.800000","26.700000","18.200000","21.200000","23.600000","10.100000","45.100000","90.900000","0.000000","11.304000","41.904000","442.000000","1275.000000","0.000000","6.900000","-6.500000","0.000000","14.000000","7.150000",,,,
"29/11/2019 09:00","7.600000","17.600000","27.900000","19.600000","22.800000","25.300000","15.200000","56.200000","93.000000","0.000000","7.704000","29.556000","429.000000","1237.000000","0.000000","7.900000","-7.700000","0.000000","14.100000","6.580000",,,,
"30/11/2019 09:00","4.400000","13.600000","23.900000","18.600000","21.600000","23.700000","30.300000","70.100000","98.500000","0.504000","10.476000","42.444000","298.000000","1554.000000","1.200000","4.400000","0.800000","0.000000","13.600000","4.380000",,,,
"01/12/2019 09:00","8.100000","13.400000","20.700000","18.700000","20.600000","22.400000","25.500000","59.700000","97.700000","0.000000","14.364000","44.064000","318.000000","1554.000000","0.800000","3.700000","1.700000","0.000000","13.700000","4.900000",,,,
"02/12/2019 09:00","7.400000","12.000000","17.900000","16.800000","18.400000","19.400000","36.800000","71.000000","98.500000","5.364000","20.304000","50.508000","207.000000","1554.000000","1.200000","2.400000","8.100000","0.000000","14.000000","3.360000",,,,
"03/12/2019 09:00","10.600000","13.100000","17.100000","16.700000","18.000000","19.100000","34.800000","61.800000","87.500000","4.824000","19.512000","56.448000","277.000000","1554.000000","0.000000","3.100000","4.700000","0.000000","13.900000","4.420000",,,,
"04/12/2019 09:00","10.800000","15.300000","24.000000","17.300000","19.300000","20.900000","32.400000","61.800000","89.100000","4.284000","20.844000","53.748000","350.000000","1554.000000","0.000000","5.300000","-4.300000","0.000000","14.200000","5.860000",,,,
"05/12/2019 09:00","9.700000","16.100000","24.700000","18.300000","20.400000","22.400000","27.400000","58.900000","85.800000","1.584000","15.480000","41.904000","391.000000","1554.000000","0.000000","6.100000","-6.300000","0.000000","13.700000","6.190000",,,,
"06/12/2019 09:00","10.300000","16.300000","25.500000","19.000000","21.300000","23.300000","34.000000","57.900000","76.500000","3.204000","16.812000","45.684000","395.000000","1350.000000","0.000000","6.300000","-6.200000","0.000000","14.100000","6.500000",,,,
